{"cameraMode":{"drawMode":0,"name":"Shaded","section":"Shading Mode"},"sceneLighting":true,"audioPlay":false,"sceneViewState":{"showFog":true,"showMaterialUpdate":false,"showSkybox":true,"showFlares":true,"showImageEffects":true,"showParticleSystems":true},"in2DMode":false,"pivot":{"x":-3.681199073791504,"y":-1.8763065338134766,"z":0.3044395446777344},"rotation":{"x":-0.10828549414873123,"y":0.8908580541610718,"z":-0.29059097170829775,"w":-0.3319685459136963},"size":29.670848846435548,"orthographic":false}